{"IcoMoonType":"selection","icons":[{"icon":{"paths":["M469.333 128v220.083c-14.805-6.016-46.756-6.75-62.5-6.75-118.443 0-228.083 55.723-228.083 213.333 0 188.587 148.503 213.333 247.917 213.333 39.253 0 128-3.877 170.667-16.25v-623.75h-128zM682.667 128v128h128v-128h-128zM682.667 341.333v371.25c0 64.683-39.339 132.011-128 170.667l122 55.25c123.989-42.667 134-183.25 134-225.917v-371.25h-128zM425.417 450.167c13.653 0 28.983 2.503 43.917 5.917v200.667c-14.933 3.413-30.263 6-43.917 6-55.893 0-110.083-17.63-110.083-108.083s54.19-104.5 110.083-104.5z"],"attrs":[{}],"isMulticolor":false,"isMulticolor2":false,"grid":0,"tags":["icons8-django"]},"attrs":[{}],"properties":{"order":3,"id":0,"name":"icons8-django","prevSize":32,"code":59648},"setIdx":0,"setId":2,"iconIdx":0}],"height":1024,"metadata":{"name":"icomoon"},"preferences":{"showGlyphs":true,"showQuickUse":true,"showQuickUse2":true,"showSVGs":true,"fontPref":{"prefix":"icon-","metadata":{"fontFamily":"icomoon"},"metrics":{"emSize":1024,"baseline":6.25,"whitespace":50},"embed":false},"imagePref":{"prefix":"icon-","png":true,"useClassSelector":true,"color":0,"bgColor":16777215,"classSelector":".icon"},"historySize":50,"showCodes":true,"gridSize":16}}